{"Die With A Smile - Lady Gaga & Bruno Mars.mp3": [0.7222270812252939, 3.3939334478906593, 1.0679309444670488, 0.8724289523771543, 0.27656778724703185, -1.508365947243057, -1.2737644142811553, -1.5481695730667764, 1.378129596728865, 0.4046296344525229, -0.24228221574277417, -1.296409224297497, -0.060652556613583056, 0.8698713653684668, -5.423588268080895, -5.916058580545671, -5.6424627332366315, -4.011996797069455, -6.592639257353252, -4.89646225034661, -5.216049968489862, -5.758982936830529, -7.217281322494083, -7.427682036866816, -8.357137369584803, -11.072320118907724, -10.419573400058663, -11.246791919722568, -9.46506026301938, -12.670777848110864, -12.158470951040766, -13.156842725144084, -13.119028672056528, -14.114858338361982, -15.659102418857014, -16.760564651946734, -16.180850578784337, -16.039002503598265, -17.989741016889717, -20.122651390636733, -21.813188231938337, -22.06246171740613, -21.756446374809883, -22.414801671140804, -22.310301716971153, -22.711312154067546, -23.658007445024236, -25.09888022673629, -25.578191443609786, -25.669919195703, -25.525236135541995, -26.40803184283185, -28.015153824243242, -29.474388507992256, -29.865968803123778, -31.725937834846352, -33.48777328061915, -35.78321553413818, -38.46735199774234, -44.166384681271204, -48.895015716552734, -48.895015716552734, -48.895015716552734, -48.895015716552734, -56.827354431152344, 20.745922136911563, -52.211293620422964, 2.8616487506129844, -44.0489815465533, -0.7656383872552686, -49.40486259789007, -12.731991608423076, -37.48000437129237, -20.974884526465797, -24.095471724298505, -14.411894915102517, -11.840606119326985, -24.41471195925709, -18.857828976938677, -42.41104632449321, -30.97107502423824, -34.06603398603869, -21.73589626738589, -39.24647276811089, -7.23794128479525, -5.865262691049805, -7.108678764089298, -7.320984586084315, -7.1180420811643215, -7.815766826259864, -6.927794888476331, -7.2014470999287346, -5.620192782685922, -6.413897387263072, -7.997902694087145, -7.715506601587719, 12.19587499825936, 10.409683698458442, 11.90277034972793, 12.683177371309293, 12.502664698504367, 12.66631950447453, 17.33902344964318, 0.9650430623448598], "Impossible - James Arthur.mp3": [7.251678343913293, 7.340475101450785, 5.904694632839076, 6.058402727976311, 5.968070844256856, 4.6260879922933915, 2.2955466491082404, 1.9934024526342125, 3.0208463189557233, 2.6398475737023617, -0.6969200461341997, -1.0462862691288266, -2.5091317708314533, -3.688393414208373, -1.473161835842256, -4.034379966727938, -4.762041396421812, -5.382170240724474, -3.548057275071793, -6.011948015520711, -7.078671519413147, -6.288692704293591, -5.73794728376061, -9.057225663445369, -7.641870778421117, -8.23418660835365, -9.257719042884386, -9.397968461912628, -9.707666794796383, -9.316848444311661, -10.74441810447588, -12.067235075850709, -13.712517292975365, -14.426879006304054, -14.426187948007883, -12.284488523366049, -12.632518575374423, -14.13711608934102, -15.572629844888407, -16.282561777622018, -16.504946337428503, -16.653877033438196, -16.327662435060702, -16.367435016923423, -16.87945346794508, -18.2930544647925, -19.108711010888527, -19.558546144602843, -20.207468438146243, -20.66193911581968, -21.047759925300138, -21.131966946960677, -21.53977398062378, -23.16253700868194, -24.205782567411624, -25.741269581323586, -27.197419541407964, -28.011662953903702, -31.146784142717014, -42.03111179398199, -46.429847717285156, -46.429847717285156, -46.429847717285156, -46.429847717285156, -56.80967712402344, 20.019084841481035, -42.360898630090624, 12.49243765852373, -44.831351693084954, 7.563768909097015, -45.14401250296409, -4.763632457818678, -43.63814097966808, -10.787944141375474, -31.55356134666154, -27.41124294561258, -25.102842890868075, -34.27200994435616, -10.228795114659787, -36.556877488883735, -20.118383003654287, -34.889262243483984, -9.46940952556388, -47.705188695962704, -5.703133536904111, -5.805543325460888, -5.022953263529525, -4.723789189569816, -5.817658066948694, -6.452826894248986, -6.4388076517116, -6.208369733125407, -7.553221246506955, -7.500628487127896, -6.367191354278276, -6.312220985050211, 11.84034234261883, 10.222024971779728, 11.902692533306372, 12.458844396457394, 12.604507565391172, 12.382385087139514, 17.514110545319493, 0.6087304812143387], "Sadrah - For Revenge.mp3": [14.887897929545142, 16.547172479936275, 11.679592082893038, 7.196981947745902, 7.164986626532691, 5.093453005796208, 4.529651174218813, 1.5667115672413536, 3.6867328200743645, 4.283968080723316, 3.554079769935021, 2.6256930283156534, -0.12221878993570916, 4.809024718783803, 2.750077418957253, -1.2212103265173562, -1.863363352502564, 0.8756238083136627, -1.0788555203102586, -1.9570987684956793, -1.081374695069023, -0.5246180321845297, -0.9730787085904359, -2.5465713075606775, -1.676927067449509, -5.094830444116762, -6.368887408357394, -7.233434003994507, -4.344990966156024, -5.704343322777156, -6.883098502381942, -7.028836486654634, -8.339182468076425, -7.222899123564907, -7.746217255670413, -9.113218538528654, -10.520096425023032, -11.464655048606112, -12.740063700331051, -13.728330433749003, -15.122649750679091, -15.973122575980499, -16.56379509270409, -16.93680077963428, -17.12789883701332, -17.532895677021134, -16.933595481666316, -17.7992538843473, -18.86958109670122, -19.911871187015468, -20.285119524603317, -21.14660255863375, -22.761859440903947, -24.263434773409614, -25.380533665621474, -26.050923273186115, -27.399746752901127, -29.561054222172167, -33.98592167197837, -43.17517004824734, -49.287224504524794, -49.28752136230469, -49.28752136230469, -49.28752136230469, -56.58409881591797, 21.55178308848382, -53.81615907081557, 15.442849532912255, -43.028766261092784, 13.532585662022926, -47.13640936057094, 8.412224282573236, -28.124559307708587, -7.639824235009646, -21.782191434698866, 0.5661172280599779, -10.184721304031624, -28.717397688816295, -14.731897518021723, -44.145395581970675, -8.20527243625704, -37.47017785387449, -9.692661888376303, -41.89377790087645, -6.217854044063764, -4.679596413084433, -4.478164754975083, -5.162750578598685, -4.634718930917491, -5.3360720602477345, -4.6836657694563035, -5.522873929217979, -4.758197579798714, -3.654770213210006, -5.30987501729303, -6.141357257244458, 11.906869888672173, 10.137543060481212, 11.529834403692988, 12.413379044823438, 12.298047132035006, 12.678612196294418, 17.433227663593094, 0.4507677986998262],